n,convergency_time,total_overhead
1,0.0028462,1560
2,0.0055468,6240
3,0.0082474,17160
4,0.010948,35360
5,0.0136486,60320